# Number of cells, Capacitance [F]
2.752100000000000000e+04, 4.726912121466796667e-15
2.954100000000000000e+04, 3.745746451282180223e-15
3.201800000000000000e+04, 3.551975928897294459e-15
3.512300000000000000e+04, 3.428643625373958500e-15
4.026400000000000000e+04, 3.194880832246467804e-15
4.808700000000000000e+04, 3.059897334320048807e-15
5.999000000000000000e+04, 2.978863058106727411e-15
7.682200000000000000e+04, 2.928438009857483478e-15
1.096790000000000000e+05, 2.861099968109770442e-15
