# Number of cells, Capacitance [F]
2.761100000000000000e+04, 4.193726062692705238e-15
3.003200000000000000e+04, 3.304155839203423633e-15
3.109300000000000000e+04, 3.181481078484088185e-15
3.382600000000000000e+04, 3.130208099385973926e-15
4.254600000000000000e+04, 2.866886524122930802e-15
4.863300000000000000e+04, 2.811274735352580159e-15
6.401400000000000000e+04, 2.700331542721482519e-15
8.152700000000000000e+04, 2.651972102631742528e-15
1.046890000000000000e+05, 2.615129425761548629e-15
