# Number of cells, Capacitance [F]
2.794300000000000000e+04, 6.194788704773196243e-15
3.055300000000000000e+04, 5.064155390148155056e-15
3.406800000000000000e+04, 4.698087324822709303e-15
3.812100000000000000e+04, 4.572145528521661223e-15
4.148900000000000000e+04, 4.367939251685110896e-15
5.005400000000000000e+04, 4.147382098464855746e-15
6.274200000000000000e+04, 4.018085027401692437e-15
7.971700000000000000e+04, 3.958429421236922873e-15
1.119460000000000000e+05, 3.863919906417104897e-15
