# Number of cells, Capacitance [F]
2.747800000000000000e+04, 5.014933253694973035e-15
2.964300000000000000e+04, 4.007271473206306872e-15
3.167300000000000000e+04, 3.825364123219709308e-15
3.433100000000000000e+04, 3.723369921608435725e-15
4.265200000000000000e+04, 3.312016769080729655e-15
4.851700000000000000e+04, 3.229738571404389111e-15
5.902700000000000000e+04, 3.147490483302901549e-15
7.993100000000000000e+04, 3.071806483691669806e-15
1.030610000000000000e+05, 3.023012524202953606e-15
