# Number of cells, Capacitance [F]
2.766700000000000000e+04, 5.091507918973920886e-15
2.950200000000000000e+04, 4.116277557640106380e-15
3.170000000000000000e+04, 3.884089220405336961e-15
3.529300000000000000e+04, 3.720709770526540701e-15
3.744000000000000000e+04, 3.653219363387206168e-15
4.616500000000000000e+04, 3.416282147785440223e-15
5.685800000000000000e+04, 3.289663401946146746e-15
7.086400000000000000e+04, 3.237603392357340592e-15
1.017490000000000000e+05, 3.164065087794329777e-15
